,0,1,2,3,4,5,6,7,8,9,10,11
0,0.50883883,0.5240901,0.6214905,0.8090121,0.7830156,0.8162912,0.6759099,0.705026,0.6918545,0.85615253,0.30814558,0.36915076
1,0.5240901,0.6214905,0.8090121,0.7830156,0.8162912,0.6759099,0.705026,0.6918545,0.85615253,0.30814558,0.36915076,0.49358746
2,0.6214905,0.8090121,0.7830156,0.8162912,0.6759099,0.705026,0.6918545,0.85615253,0.30814558,0.36915076,0.49358746,0.562565
3,0.8090121,0.7830156,0.8162912,0.6759099,0.705026,0.6918545,0.85615253,0.30814558,0.36915076,0.49358746,0.562565,0.6093588
4,0.7830156,0.8162912,0.6759099,0.705026,0.6918545,0.85615253,0.30814558,0.36915076,0.49358746,0.562565,0.6093588,0.49844024
5,0.8162912,0.6759099,0.705026,0.6918545,0.85615253,0.30814558,0.36915076,0.49358746,0.562565,0.6093588,0.49844024,0.8343155
6,0.6759099,0.705026,0.6918545,0.85615253,0.30814558,0.36915076,0.49358746,0.562565,0.6093588,0.49844024,0.8343155,0.5688042
7,0.705026,0.6918545,0.85615253,0.30814558,0.36915076,0.49358746,0.562565,0.6093588,0.49844024,0.8343155,0.5688042,0.558059
8,0.6918545,0.85615253,0.30814558,0.36915076,0.49358746,0.562565,0.6093588,0.49844024,0.8343155,0.5688042,0.558059,0.7431542
9,0.85615253,0.30814558,0.36915076,0.49358746,0.562565,0.6093588,0.49844024,0.8343155,0.5688042,0.558059,0.7431542,0.5986135
10,0.30814558,0.36915076,0.49358746,0.562565,0.6093588,0.49844024,0.8343155,0.5688042,0.558059,0.7431542,0.5986135,0.52582324
11,0.36915076,0.49358746,0.562565,0.6093588,0.49844024,0.8343155,0.5688042,0.558059,0.7431542,0.5986135,0.52582324,0.48526862
12,0.49358746,0.562565,0.6093588,0.49844024,0.8343155,0.5688042,0.558059,0.7431542,0.5986135,0.52582324,0.48526862,0.58162916
13,0.562565,0.6093588,0.49844024,0.8343155,0.5688042,0.558059,0.7431542,0.5986135,0.52582324,0.48526862,0.58162916,0.64124787
14,0.6093588,0.49844024,0.8343155,0.5688042,0.558059,0.7431542,0.5986135,0.52582324,0.48526862,0.58162916,0.64124787,0.6689775
15,0.49844024,0.8343155,0.5688042,0.558059,0.7431542,0.5986135,0.52582324,0.48526862,0.58162916,0.64124787,0.6689775,0.44367418
16,0.8343155,0.5688042,0.558059,0.7431542,0.5986135,0.52582324,0.48526862,0.58162916,0.64124787,0.6689775,0.44367418,0.71057194
17,0.5688042,0.558059,0.7431542,0.5986135,0.52582324,0.48526862,0.58162916,0.64124787,0.6689775,0.44367418,0.71057194,0.80415946
18,0.558059,0.7431542,0.5986135,0.52582324,0.48526862,0.58162916,0.64124787,0.6689775,0.44367418,0.71057194,0.80415946,0.78336227
19,0.7431542,0.5986135,0.52582324,0.48526862,0.58162916,0.64124787,0.6689775,0.44367418,0.71057194,0.80415946,0.78336227,0.6967071
20,0.5986135,0.52582324,0.48526862,0.58162916,0.64124787,0.6689775,0.44367418,0.71057194,0.80415946,0.78336227,0.6967071,0.6169844
21,0.52582324,0.48526862,0.58162916,0.64124787,0.6689775,0.44367418,0.71057194,0.80415946,0.78336227,0.6967071,0.6169844,0.41247836
22,0.48526862,0.58162916,0.64124787,0.6689775,0.44367418,0.71057194,0.80415946,0.78336227,0.6967071,0.6169844,0.41247836,0.49913344
23,0.58162916,0.64124787,0.6689775,0.44367418,0.71057194,0.80415946,0.78336227,0.6967071,0.6169844,0.41247836,0.49913344,0.35355285
24,0.64124787,0.6689775,0.44367418,0.71057194,0.80415946,0.78336227,0.6967071,0.6169844,0.41247836,0.49913344,0.35355285,0.36741766
25,0.6689775,0.44367418,0.71057194,0.80415946,0.78336227,0.6967071,0.6169844,0.41247836,0.49913344,0.35355285,0.36741766,0.48145577
26,0.44367418,0.71057194,0.80415946,0.78336227,0.6967071,0.6169844,0.41247836,0.49913344,0.35355285,0.36741766,0.48145577,0.6890815
27,0.71057194,0.80415946,0.78336227,0.6967071,0.6169844,0.41247836,0.49913344,0.35355285,0.36741766,0.48145577,0.6890815,0.84402084
28,0.80415946,0.78336227,0.6967071,0.6169844,0.41247836,0.49913344,0.35355285,0.36741766,0.48145577,0.6890815,0.84402084,0.7514732
29,0.78336227,0.6967071,0.6169844,0.41247836,0.49913344,0.35355285,0.36741766,0.48145577,0.6890815,0.84402084,0.7514732,0.9455806
30,0.6967071,0.6169844,0.41247836,0.49913344,0.35355285,0.36741766,0.48145577,0.6890815,0.84402084,0.7514732,0.9455806,0.842981
31,0.6169844,0.41247836,0.49913344,0.35355285,0.36741766,0.48145577,0.6890815,0.84402084,0.7514732,0.9455806,0.842981,0.6942808
32,0.41247836,0.49913344,0.35355285,0.36741766,0.48145577,0.6890815,0.84402084,0.7514732,0.9455806,0.842981,0.6942808,0.53691506
33,0.49913344,0.35355285,0.36741766,0.48145577,0.6890815,0.84402084,0.7514732,0.9455806,0.842981,0.6942808,0.53691506,0.71854424
34,0.35355285,0.36741766,0.48145577,0.6890815,0.84402084,0.7514732,0.9455806,0.842981,0.6942808,0.53691506,0.71854424,0.4783362
35,0.36741766,0.48145577,0.6890815,0.84402084,0.7514732,0.9455806,0.842981,0.6942808,0.53691506,0.71854424,0.4783362,0.44194105
36,0.48145577,0.6890815,0.84402084,0.7514732,0.9455806,0.842981,0.6942808,0.53691506,0.71854424,0.4783362,0.44194105,0.48942807
37,0.6890815,0.84402084,0.7514732,0.9455806,0.842981,0.6942808,0.53691506,0.71854424,0.4783362,0.44194105,0.48942807,0.40207973
38,0.84402084,0.7514732,0.9455806,0.842981,0.6942808,0.53691506,0.71854424,0.4783362,0.44194105,0.48942807,0.40207973,0.5043328
39,0.7514732,0.9455806,0.842981,0.6942808,0.53691506,0.71854424,0.4783362,0.44194105,0.48942807,0.40207973,0.5043328,0.86759096
40,0.9455806,0.842981,0.6942808,0.53691506,0.71854424,0.4783362,0.44194105,0.48942807,0.40207973,0.5043328,0.86759096,0.7549394
41,0.842981,0.6942808,0.53691506,0.71854424,0.4783362,0.44194105,0.48942807,0.40207973,0.5043328,0.86759096,0.7549394,1.0
42,0.6942808,0.53691506,0.71854424,0.4783362,0.44194105,0.48942807,0.40207973,0.5043328,0.86759096,0.7549394,1.0,0.63396883
43,0.53691506,0.71854424,0.4783362,0.44194105,0.48942807,0.40207973,0.5043328,0.86759096,0.7549394,1.0,0.63396883,0.68457544
44,0.71854424,0.4783362,0.44194105,0.48942807,0.40207973,0.5043328,0.86759096,0.7549394,1.0,0.63396883,0.68457544,0.7292894
45,0.4783362,0.44194105,0.48942807,0.40207973,0.5043328,0.86759096,0.7549394,1.0,0.63396883,0.68457544,0.7292894,0.6370884
46,0.44194105,0.48942807,0.40207973,0.5043328,0.86759096,0.7549394,1.0,0.63396883,0.68457544,0.7292894,0.6370884,0.42772964
47,0.48942807,0.40207973,0.5043328,0.86759096,0.7549394,1.0,0.63396883,0.68457544,0.7292894,0.6370884,0.42772964,0.62218374
48,0.40207973,0.5043328,0.86759096,0.7549394,1.0,0.63396883,0.68457544,0.7292894,0.6370884,0.42772964,0.62218374,0.45788565
49,0.5043328,0.86759096,0.7549394,1.0,0.63396883,0.68457544,0.7292894,0.6370884,0.42772964,0.62218374,0.45788565,0.6065858
50,0.86759096,0.7549394,1.0,0.63396883,0.68457544,0.7292894,0.6370884,0.42772964,0.62218374,0.45788565,0.6065858,0.6065858
51,0.7549394,1.0,0.63396883,0.68457544,0.7292894,0.6370884,0.42772964,0.62218374,0.45788565,0.6065858,0.6065858,0.79029465
52,1.0,0.63396883,0.68457544,0.7292894,0.6370884,0.42772964,0.62218374,0.45788565,0.6065858,0.6065858,0.79029465,0.64818025
53,0.63396883,0.68457544,0.7292894,0.6370884,0.42772964,0.62218374,0.45788565,0.6065858,0.6065858,0.79029465,0.64818025,0.8145581
54,0.68457544,0.7292894,0.6370884,0.42772964,0.62218374,0.45788565,0.6065858,0.6065858,0.79029465,0.64818025,0.8145581,0.5164645
55,0.7292894,0.6370884,0.42772964,0.62218374,0.45788565,0.6065858,0.6065858,0.79029465,0.64818025,0.8145581,0.5164645,0.7556326
56,0.6370884,0.42772964,0.62218374,0.45788565,0.6065858,0.6065858,0.79029465,0.64818025,0.8145581,0.5164645,0.7556326,0.6065858
57,0.42772964,0.62218374,0.45788565,0.6065858,0.6065858,0.79029465,0.64818025,0.8145581,0.5164645,0.7556326,0.6065858,0.69324094
58,0.62218374,0.45788565,0.6065858,0.6065858,0.79029465,0.64818025,0.8145581,0.5164645,0.7556326,0.6065858,0.69324094,0.6724437
59,0.45788565,0.6065858,0.6065858,0.79029465,0.64818025,0.8145581,0.5164645,0.7556326,0.6065858,0.69324094,0.6724437,0.6516465
60,0.6065858,0.6065858,0.79029465,0.64818025,0.8145581,0.5164645,0.7556326,0.6065858,0.69324094,0.6724437,0.6516465,0.0
61,0.6065858,0.79029465,0.64818025,0.8145581,0.5164645,0.7556326,0.6065858,0.69324094,0.6724437,0.6516465,0.0,0.558059
62,0.79029465,0.64818025,0.8145581,0.5164645,0.7556326,0.6065858,0.69324094,0.6724437,0.6516465,0.0,0.558059,0.49913344
63,0.64818025,0.8145581,0.5164645,0.7556326,0.6065858,0.69324094,0.6724437,0.6516465,0.0,0.558059,0.49913344,0.43674174
64,0.8145581,0.5164645,0.7556326,0.6065858,0.69324094,0.6724437,0.6516465,0.0,0.558059,0.49913344,0.43674174,0.6169844
65,0.5164645,0.7556326,0.6065858,0.69324094,0.6724437,0.6516465,0.0,0.558059,0.49913344,0.43674174,0.6169844,0.63431543
66,0.7556326,0.6065858,0.69324094,0.6724437,0.6516465,0.0,0.558059,0.49913344,0.43674174,0.6169844,0.63431543,0.7209706
67,0.6065858,0.69324094,0.6724437,0.6516465,0.0,0.558059,0.49913344,0.43674174,0.6169844,0.63431543,0.7209706,0.42980936
68,0.69324094,0.6724437,0.6516465,0.0,0.558059,0.49913344,0.43674174,0.6169844,0.63431543,0.7209706,0.42980936,0.63084924
69,0.6724437,0.6516465,0.0,0.558059,0.49913344,0.43674174,0.6169844,0.63431543,0.7209706,0.42980936,0.63084924,0.43674174
70,0.6516465,0.0,0.558059,0.49913344,0.43674174,0.6169844,0.63431543,0.7209706,0.42980936,0.63084924,0.43674174,0.6239168
71,0.0,0.558059,0.49913344,0.43674174,0.6169844,0.63431543,0.7209706,0.42980936,0.63084924,0.43674174,0.6239168,0.3119584
72,0.558059,0.49913344,0.43674174,0.6169844,0.63431543,0.7209706,0.42980936,0.63084924,0.43674174,0.6239168,0.3119584,0.5996534
73,0.49913344,0.43674174,0.6169844,0.63431543,0.7209706,0.42980936,0.63084924,0.43674174,0.6239168,0.3119584,0.5996534,0.5639515
74,0.43674174,0.6169844,0.63431543,0.7209706,0.42980936,0.63084924,0.43674174,0.6239168,0.3119584,0.5996534,0.5639515,0.6291161
75,0.6169844,0.63431543,0.7209706,0.42980936,0.63084924,0.43674174,0.6239168,0.3119584,0.5996534,0.5639515,0.6291161,0.7334489
76,0.63431543,0.7209706,0.42980936,0.63084924,0.43674174,0.6239168,0.3119584,0.5996534,0.5639515,0.6291161,0.7334489,0.7493934
77,0.7209706,0.42980936,0.63084924,0.43674174,0.6239168,0.3119584,0.5996534,0.5639515,0.6291161,0.7334489,0.7493934,0.76707107
78,0.42980936,0.63084924,0.43674174,0.6239168,0.3119584,0.5996534,0.5639515,0.6291161,0.7334489,0.7493934,0.76707107,0.5892548
79,0.63084924,0.43674174,0.6239168,0.3119584,0.5996534,0.5639515,0.6291161,0.7334489,0.7493934,0.76707107,0.5892548,0.59341425
80,0.43674174,0.6239168,0.3119584,0.5996534,0.5639515,0.6291161,0.7334489,0.7493934,0.76707107,0.5892548,0.59341425,0.5386482
81,0.6239168,0.3119584,0.5996534,0.5639515,0.6291161,0.7334489,0.7493934,0.76707107,0.5892548,0.59341425,0.5386482,0.5785095
82,0.3119584,0.5996534,0.5639515,0.6291161,0.7334489,0.7493934,0.76707107,0.5892548,0.59341425,0.5386482,0.5785095,0.6696707
83,0.5996534,0.5639515,0.6291161,0.7334489,0.7493934,0.76707107,0.5892548,0.59341425,0.5386482,0.5785095,0.6696707,0.5871751
84,0.5639515,0.6291161,0.7334489,0.7493934,0.76707107,0.5892548,0.59341425,0.5386482,0.5785095,0.6696707,0.5871751,0.3882149
85,0.6291161,0.7334489,0.7493934,0.76707107,0.5892548,0.59341425,0.5386482,0.5785095,0.6696707,0.5871751,0.3882149,0.6180243
86,0.7334489,0.7493934,0.76707107,0.5892548,0.59341425,0.5386482,0.5785095,0.6696707,0.5871751,0.3882149,0.6180243,0.44436738
87,0.7493934,0.76707107,0.5892548,0.59341425,0.5386482,0.5785095,0.6696707,0.5871751,0.3882149,0.6180243,0.44436738,0.82772964
88,0.76707107,0.5892548,0.59341425,0.5386482,0.5785095,0.6696707,0.5871751,0.3882149,0.6180243,0.44436738,0.82772964,0.772617
89,0.5892548,0.59341425,0.5386482,0.5785095,0.6696707,0.5871751,0.3882149,0.6180243,0.44436738,0.82772964,0.772617,0.79445416
90,0.59341425,0.5386482,0.5785095,0.6696707,0.5871751,0.3882149,0.6180243,0.44436738,0.82772964,0.772617,0.79445416,0.6922011
91,0.5386482,0.5785095,0.6696707,0.5871751,0.3882149,0.6180243,0.44436738,0.82772964,0.772617,0.79445416,0.6922011,0.5840555
92,0.5785095,0.6696707,0.5871751,0.3882149,0.6180243,0.44436738,0.82772964,0.772617,0.79445416,0.6922011,0.5840555,0.53171575
93,0.6696707,0.5871751,0.3882149,0.6180243,0.44436738,0.82772964,0.772617,0.79445416,0.6922011,0.5840555,0.53171575,0.5556326
94,0.5871751,0.3882149,0.6180243,0.44436738,0.82772964,0.772617,0.79445416,0.6922011,0.5840555,0.53171575,0.5556326,0.63882154
95,0.3882149,0.6180243,0.44436738,0.82772964,0.772617,0.79445416,0.6922011,0.5840555,0.53171575,0.5556326,0.63882154,0.55701905
96,0.6180243,0.44436738,0.82772964,0.772617,0.79445416,0.6922011,0.5840555,0.53171575,0.5556326,0.63882154,0.55701905,0.58162916
97,0.44436738,0.82772964,0.772617,0.79445416,0.6922011,0.5840555,0.53171575,0.5556326,0.63882154,0.55701905,0.58162916,0.27279028
98,0.82772964,0.772617,0.79445416,0.6922011,0.5840555,0.53171575,0.5556326,0.63882154,0.55701905,0.58162916,0.27279028,0.4492201
99,0.772617,0.79445416,0.6922011,0.5840555,0.53171575,0.5556326,0.63882154,0.55701905,0.58162916,0.27279028,0.4492201,0.82980937
100,0.79445416,0.6922011,0.5840555,0.53171575,0.5556326,0.63882154,0.55701905,0.58162916,0.27279028,0.4492201,0.82980937,0.61906415
101,0.6922011,0.5840555,0.53171575,0.5556326,0.63882154,0.55701905,0.58162916,0.27279028,0.4492201,0.82980937,0.61906415,0.5386482
102,0.5840555,0.53171575,0.5556326,0.63882154,0.55701905,0.58162916,0.27279028,0.4492201,0.82980937,0.61906415,0.5386482,0.5743501
103,0.53171575,0.5556326,0.63882154,0.55701905,0.58162916,0.27279028,0.4492201,0.82980937,0.61906415,0.5386482,0.5743501,0.36395147
104,0.5556326,0.63882154,0.55701905,0.58162916,0.27279028,0.4492201,0.82980937,0.61906415,0.5386482,0.5743501,0.36395147,0.43916807
105,0.63882154,0.55701905,0.58162916,0.27279028,0.4492201,0.82980937,0.61906415,0.5386482,0.5743501,0.36395147,0.43916807,0.6755633
106,0.55701905,0.58162916,0.27279028,0.4492201,0.82980937,0.61906415,0.5386482,0.5743501,0.36395147,0.43916807,0.6755633,0.5164645
107,0.58162916,0.27279028,0.4492201,0.82980937,0.61906415,0.5386482,0.5743501,0.36395147,0.43916807,0.6755633,0.5164645,0.5154246
108,0.27279028,0.4492201,0.82980937,0.61906415,0.5386482,0.5743501,0.36395147,0.43916807,0.6755633,0.5164645,0.5154246,0.47487
109,0.4492201,0.82980937,0.61906415,0.5386482,0.5743501,0.36395147,0.43916807,0.6755633,0.5164645,0.5154246,0.47487,0.60727906
110,0.82980937,0.61906415,0.5386482,0.5743501,0.36395147,0.43916807,0.6755633,0.5164645,0.5154246,0.47487,0.60727906,0.49844024
111,0.61906415,0.5386482,0.5743501,0.36395147,0.43916807,0.6755633,0.5164645,0.5154246,0.47487,0.60727906,0.49844024,0.55181974
112,0.5386482,0.5743501,0.36395147,0.43916807,0.6755633,0.5164645,0.5154246,0.47487,0.60727906,0.49844024,0.55181974,0.7906413
113,0.5743501,0.36395147,0.43916807,0.6755633,0.5164645,0.5154246,0.47487,0.60727906,0.49844024,0.55181974,0.7906413,0.8831889
114,0.36395147,0.43916807,0.6755633,0.5164645,0.5154246,0.47487,0.60727906,0.49844024,0.55181974,0.7906413,0.8831889,0.47625646
115,0.43916807,0.6755633,0.5164645,0.5154246,0.47487,0.60727906,0.49844024,0.55181974,0.7906413,0.8831889,0.47625646,0.39341423
116,0.6755633,0.5164645,0.5154246,0.47487,0.60727906,0.49844024,0.55181974,0.7906413,0.8831889,0.47625646,0.39341423,0.66169846
117,0.5164645,0.5154246,0.47487,0.60727906,0.49844024,0.55181974,0.7906413,0.8831889,0.47625646,0.39341423,0.66169846,0.57365686
118,0.5154246,0.47487,0.60727906,0.49844024,0.55181974,0.7906413,0.8831889,0.47625646,0.39341423,0.66169846,0.57365686,0.49566725
119,0.47487,0.60727906,0.49844024,0.55181974,0.7906413,0.8831889,0.47625646,0.39341423,0.66169846,0.57365686,0.49566725,0.45545927
120,0.60727906,0.49844024,0.55181974,0.7906413,0.8831889,0.47625646,0.39341423,0.66169846,0.57365686,0.49566725,0.45545927,0.43084922
121,0.49844024,0.55181974,0.7906413,0.8831889,0.47625646,0.39341423,0.66169846,0.57365686,0.49566725,0.45545927,0.43084922,0.4863085
122,0.55181974,0.7906413,0.8831889,0.47625646,0.39341423,0.66169846,0.57365686,0.49566725,0.45545927,0.43084922,0.4863085,0.7556326
123,0.7906413,0.8831889,0.47625646,0.39341423,0.66169846,0.57365686,0.49566725,0.45545927,0.43084922,0.4863085,0.7556326,0.6263432
124,0.8831889,0.47625646,0.39341423,0.66169846,0.57365686,0.49566725,0.45545927,0.43084922,0.4863085,0.7556326,0.6263432,0.6013865
125,0.47625646,0.39341423,0.66169846,0.57365686,0.49566725,0.45545927,0.43084922,0.4863085,0.7556326,0.6263432,0.6013865,0.68734837
126,0.39341423,0.66169846,0.57365686,0.49566725,0.45545927,0.43084922,0.4863085,0.7556326,0.6263432,0.6013865,0.68734837,0.41039857
127,0.66169846,0.57365686,0.49566725,0.45545927,0.43084922,0.4863085,0.7556326,0.6263432,0.6013865,0.68734837,0.41039857,0.5175044
128,0.57365686,0.49566725,0.45545927,0.43084922,0.4863085,0.7556326,0.6263432,0.6013865,0.68734837,0.41039857,0.5175044,0.53171575
129,0.49566725,0.45545927,0.43084922,0.4863085,0.7556326,0.6263432,0.6013865,0.68734837,0.41039857,0.5175044,0.53171575,0.5636049
130,0.45545927,0.43084922,0.4863085,0.7556326,0.6263432,0.6013865,0.68734837,0.41039857,0.5175044,0.53171575,0.5636049,0.6291161
131,0.43084922,0.4863085,0.7556326,0.6263432,0.6013865,0.68734837,0.41039857,0.5175044,0.53171575,0.5636049,0.6291161,0.6034663
132,0.4863085,0.7556326,0.6263432,0.6013865,0.68734837,0.41039857,0.5175044,0.53171575,0.5636049,0.6291161,0.6034663,0.545234
133,0.7556326,0.6263432,0.6013865,0.68734837,0.41039857,0.5175044,0.53171575,0.5636049,0.6291161,0.6034663,0.545234,0.63154244
134,0.6263432,0.6013865,0.68734837,0.41039857,0.5175044,0.53171575,0.5636049,0.6291161,0.6034663,0.545234,0.63154244,0.5126516
135,0.6013865,0.68734837,0.41039857,0.5175044,0.53171575,0.5636049,0.6291161,0.6034663,0.545234,0.63154244,0.5126516,0.7171577
136,0.68734837,0.41039857,0.5175044,0.53171575,0.5636049,0.6291161,0.6034663,0.545234,0.63154244,0.5126516,0.7171577,0.79792035
137,0.41039857,0.5175044,0.53171575,0.5636049,0.6291161,0.6034663,0.545234,0.63154244,0.5126516,0.7171577,0.79792035,0.8627383
138,0.5175044,0.53171575,0.5636049,0.6291161,0.6034663,0.545234,0.63154244,0.5126516,0.7171577,0.79792035,0.8627383,0.82461005
139,0.53171575,0.5636049,0.6291161,0.6034663,0.545234,0.63154244,0.5126516,0.7171577,0.79792035,0.8627383,0.82461005,0.53067595
140,0.5636049,0.6291161,0.6034663,0.545234,0.63154244,0.5126516,0.7171577,0.79792035,0.8627383,0.82461005,0.53067595,0.50849223
141,0.6291161,0.6034663,0.545234,0.63154244,0.5126516,0.7171577,0.79792035,0.8627383,0.82461005,0.53067595,0.50849223,0.40485272
142,0.6034663,0.545234,0.63154244,0.5126516,0.7171577,0.79792035,0.8627383,0.82461005,0.53067595,0.50849223,0.40485272,0.67902946
143,0.545234,0.63154244,0.5126516,0.7171577,0.79792035,0.8627383,0.82461005,0.53067595,0.50849223,0.40485272,0.67902946,0.41837087
144,0.63154244,0.5126516,0.7171577,0.79792035,0.8627383,0.82461005,0.53067595,0.50849223,0.40485272,0.67902946,0.41837087,0.48734835
145,0.5126516,0.7171577,0.79792035,0.8627383,0.82461005,0.53067595,0.50849223,0.40485272,0.67902946,0.41837087,0.48734835,0.5473137
146,0.7171577,0.79792035,0.8627383,0.82461005,0.53067595,0.50849223,0.40485272,0.67902946,0.41837087,0.48734835,0.5473137,0.3646447
147,0.79792035,0.8627383,0.82461005,0.53067595,0.50849223,0.40485272,0.67902946,0.41837087,0.48734835,0.5473137,0.3646447,0.48596182
148,0.8627383,0.82461005,0.53067595,0.50849223,0.40485272,0.67902946,0.41837087,0.48734835,0.5473137,0.3646447,0.48596182,0.6291161
149,0.82461005,0.53067595,0.50849223,0.40485272,0.67902946,0.41837087,0.48734835,0.5473137,0.3646447,0.48596182,0.6291161,0.8221838
150,0.53067595,0.50849223,0.40485272,0.67902946,0.41837087,0.48734835,0.5473137,0.3646447,0.48596182,0.6291161,0.8221838,0.66204506
151,0.50849223,0.40485272,0.67902946,0.41837087,0.48734835,0.5473137,0.3646447,0.48596182,0.6291161,0.8221838,0.66204506,0.5181976
152,0.40485272,0.67902946,0.41837087,0.48734835,0.5473137,0.3646447,0.48596182,0.6291161,0.8221838,0.66204506,0.5181976,0.60797226
153,0.67902946,0.41837087,0.48734835,0.5473137,0.3646447,0.48596182,0.6291161,0.8221838,0.66204506,0.5181976,0.60797226,0.5760832
154,0.41837087,0.48734835,0.5473137,0.3646447,0.48596182,0.6291161,0.8221838,0.66204506,0.5181976,0.60797226,0.5760832,0.52201045
155,0.48734835,0.5473137,0.3646447,0.48596182,0.6291161,0.8221838,0.66204506,0.5181976,0.60797226,0.5760832,0.52201045,0.5805893
156,0.5473137,0.3646447,0.48596182,0.6291161,0.8221838,0.66204506,0.5181976,0.60797226,0.5760832,0.52201045,0.5805893,0.6124784
157,0.3646447,0.48596182,0.6291161,0.8221838,0.66204506,0.5181976,0.60797226,0.5760832,0.52201045,0.5805893,0.6124784,0.72374356
158,0.48596182,0.6291161,0.8221838,0.66204506,0.5181976,0.60797226,0.5760832,0.52201045,0.5805893,0.6124784,0.72374356,0.3882149
159,0.6291161,0.8221838,0.66204506,0.5181976,0.60797226,0.5760832,0.52201045,0.5805893,0.6124784,0.72374356,0.3882149,0.8714038
160,0.8221838,0.66204506,0.5181976,0.60797226,0.5760832,0.52201045,0.5805893,0.6124784,0.72374356,0.3882149,0.8714038,0.79792035
161,0.66204506,0.5181976,0.60797226,0.5760832,0.52201045,0.5805893,0.6124784,0.72374356,0.3882149,0.8714038,0.79792035,0.8426344
162,0.5181976,0.60797226,0.5760832,0.52201045,0.5805893,0.6124784,0.72374356,0.3882149,0.8714038,0.79792035,0.8426344,0.72790295
163,0.60797226,0.5760832,0.52201045,0.5805893,0.6124784,0.72374356,0.3882149,0.8714038,0.79792035,0.8426344,0.72790295,0.4197574
164,0.5760832,0.52201045,0.5805893,0.6124784,0.72374356,0.3882149,0.8714038,0.79792035,0.8426344,0.72790295,0.4197574,0.5487002
165,0.52201045,0.5805893,0.6124784,0.72374356,0.3882149,0.8714038,0.79792035,0.8426344,0.72790295,0.4197574,0.5487002,0.61559796
166,0.5805893,0.6124784,0.72374356,0.3882149,0.8714038,0.79792035,0.8426344,0.72790295,0.4197574,0.5487002,0.61559796,0.48492196
167,0.6124784,0.72374356,0.3882149,0.8714038,0.79792035,0.8426344,0.72790295,0.4197574,0.5487002,0.61559796,0.48492196,0.3729636
168,0.72374356,0.3882149,0.8714038,0.79792035,0.8426344,0.72790295,0.4197574,0.5487002,0.61559796,0.48492196,0.3729636,0.49116114
169,0.3882149,0.8714038,0.79792035,0.8426344,0.72790295,0.4197574,0.5487002,0.61559796,0.48492196,0.3729636,0.49116114,0.47348353
170,0.8714038,0.79792035,0.8426344,0.72790295,0.4197574,0.5487002,0.61559796,0.48492196,0.3729636,0.49116114,0.47348353,0.64748704
171,0.79792035,0.8426344,0.72790295,0.4197574,0.5487002,0.61559796,0.48492196,0.3729636,0.49116114,0.47348353,0.64748704,0.6606586
172,0.8426344,0.72790295,0.4197574,0.5487002,0.61559796,0.48492196,0.3729636,0.49116114,0.47348353,0.64748704,0.6606586,0.7064125
173,0.72790295,0.4197574,0.5487002,0.61559796,0.48492196,0.3729636,0.49116114,0.47348353,0.64748704,0.6606586,0.7064125,0.81005204
174,0.4197574,0.5487002,0.61559796,0.48492196,0.3729636,0.49116114,0.47348353,0.64748704,0.6606586,0.7064125,0.81005204,0.48561528
175,0.5487002,0.61559796,0.48492196,0.3729636,0.49116114,0.47348353,0.64748704,0.6606586,0.7064125,0.81005204,0.48561528,0.4655113
176,0.61559796,0.48492196,0.3729636,0.49116114,0.47348353,0.64748704,0.6606586,0.7064125,0.81005204,0.48561528,0.4655113,0.6318891
177,0.48492196,0.3729636,0.49116114,0.47348353,0.64748704,0.6606586,0.7064125,0.81005204,0.48561528,0.4655113,0.6318891,0.6998267
178,0.3729636,0.49116114,0.47348353,0.64748704,0.6606586,0.7064125,0.81005204,0.48561528,0.4655113,0.6318891,0.6998267,0.6897747
179,0.49116114,0.47348353,0.64748704,0.6606586,0.7064125,0.81005204,0.48561528,0.4655113,0.6318891,0.6998267,0.6897747,0.5383016
180,0.47348353,0.64748704,0.6606586,0.7064125,0.81005204,0.48561528,0.4655113,0.6318891,0.6998267,0.6897747,0.5383016,0.35285962
181,0.64748704,0.6606586,0.7064125,0.81005204,0.48561528,0.4655113,0.6318891,0.6998267,0.6897747,0.5383016,0.35285962,0.37053722
182,0.6606586,0.7064125,0.81005204,0.48561528,0.4655113,0.6318891,0.6998267,0.6897747,0.5383016,0.35285962,0.37053722,0.4422877
183,0.7064125,0.81005204,0.48561528,0.4655113,0.6318891,0.6998267,0.6897747,0.5383016,0.35285962,0.37053722,0.4422877,0.62772965
184,0.81005204,0.48561528,0.4655113,0.6318891,0.6998267,0.6897747,0.5383016,0.35285962,0.37053722,0.4422877,0.62772965,0.8048527
185,0.48561528,0.4655113,0.6318891,0.6998267,0.6897747,0.5383016,0.35285962,0.37053722,0.4422877,0.62772965,0.8048527,0.7376084
186,0.4655113,0.6318891,0.6998267,0.6897747,0.5383016,0.35285962,0.37053722,0.4422877,0.62772965,0.8048527,0.7376084,0.3480069
187,0.6318891,0.6998267,0.6897747,0.5383016,0.35285962,0.37053722,0.4422877,0.62772965,0.8048527,0.7376084,0.3480069,0.6391681
188,0.6998267,0.6897747,0.5383016,0.35285962,0.37053722,0.4422877,0.62772965,0.8048527,0.7376084,0.3480069,0.6391681,0.66481805
189,0.6897747,0.5383016,0.35285962,0.37053722,0.4422877,0.62772965,0.8048527,0.7376084,0.3480069,0.6391681,0.66481805,0.46031198
190,0.5383016,0.35285962,0.37053722,0.4422877,0.62772965,0.8048527,0.7376084,0.3480069,0.6391681,0.66481805,0.46031198,0.5958406
191,0.35285962,0.37053722,0.4422877,0.62772965,0.8048527,0.7376084,0.3480069,0.6391681,0.66481805,0.46031198,0.5958406,0.5864818
192,0.37053722,0.4422877,0.62772965,0.8048527,0.7376084,0.3480069,0.6391681,0.66481805,0.46031198,0.5958406,0.5864818,0.610052
193,0.4422877,0.62772965,0.8048527,0.7376084,0.3480069,0.6391681,0.66481805,0.46031198,0.5958406,0.5864818,0.610052,0.5559792
194,0.62772965,0.8048527,0.7376084,0.3480069,0.6391681,0.66481805,0.46031198,0.5958406,0.5864818,0.610052,0.5559792,0.26308492
195,0.8048527,0.7376084,0.3480069,0.6391681,0.66481805,0.46031198,0.5958406,0.5864818,0.610052,0.5559792,0.26308492,0.6994801
196,0.7376084,0.3480069,0.6391681,0.66481805,0.46031198,0.5958406,0.5864818,0.610052,0.5559792,0.26308492,0.6994801,0.69012135
197,0.3480069,0.6391681,0.66481805,0.46031198,0.5958406,0.5864818,0.610052,0.5559792,0.26308492,0.6994801,0.69012135,0.83916813
198,0.6391681,0.66481805,0.46031198,0.5958406,0.5864818,0.610052,0.5559792,0.26308492,0.6994801,0.69012135,0.83916813,0.7109186
199,0.66481805,0.46031198,0.5958406,0.5864818,0.610052,0.5559792,0.26308492,0.6994801,0.69012135,0.83916813,0.7109186,0.49358746
200,0.46031198,0.5958406,0.5864818,0.610052,0.5559792,0.26308492,0.6994801,0.69012135,0.83916813,0.7109186,0.49358746,0.66863084
201,0.5958406,0.5864818,0.610052,0.5559792,0.26308492,0.6994801,0.69012135,0.83916813,0.7109186,0.49358746,0.66863084,0.4343154
202,0.5864818,0.610052,0.5559792,0.26308492,0.6994801,0.69012135,0.83916813,0.7109186,0.49358746,0.66863084,0.4343154,0.315078
203,0.610052,0.5559792,0.26308492,0.6994801,0.69012135,0.83916813,0.7109186,0.49358746,0.66863084,0.4343154,0.315078,0.46863082
204,0.5559792,0.26308492,0.6994801,0.69012135,0.83916813,0.7109186,0.49358746,0.66863084,0.4343154,0.315078,0.46863082,0.6551127
205,0.26308492,0.6994801,0.69012135,0.83916813,0.7109186,0.49358746,0.66863084,0.4343154,0.315078,0.46863082,0.6551127,0.57642984
206,0.6994801,0.69012135,0.83916813,0.7109186,0.49358746,0.66863084,0.4343154,0.315078,0.46863082,0.6551127,0.57642984,0.5123051
207,0.69012135,0.83916813,0.7109186,0.49358746,0.66863084,0.4343154,0.315078,0.46863082,0.6551127,0.57642984,0.5123051,0.75701904
208,0.83916813,0.7109186,0.49358746,0.66863084,0.4343154,0.315078,0.46863082,0.6551127,0.57642984,0.5123051,0.75701904,0.71369153
209,0.7109186,0.49358746,0.66863084,0.4343154,0.315078,0.46863082,0.6551127,0.57642984,0.5123051,0.75701904,0.71369153,0.8467938
210,0.49358746,0.66863084,0.4343154,0.315078,0.46863082,0.6551127,0.57642984,0.5123051,0.75701904,0.71369153,0.8467938,0.58544195
211,0.66863084,0.4343154,0.315078,0.46863082,0.6551127,0.57642984,0.5123051,0.75701904,0.71369153,0.8467938,0.58544195,0.61663777
212,0.4343154,0.315078,0.46863082,0.6551127,0.57642984,0.5123051,0.75701904,0.71369153,0.8467938,0.58544195,0.61663777,0.7493934
213,0.315078,0.46863082,0.6551127,0.57642984,0.5123051,0.75701904,0.71369153,0.8467938,0.58544195,0.61663777,0.7493934,0.5549394
214,0.46863082,0.6551127,0.57642984,0.5123051,0.75701904,0.71369153,0.8467938,0.58544195,0.61663777,0.7493934,0.5549394,0.66481805
215,0.6551127,0.57642984,0.5123051,0.75701904,0.71369153,0.8467938,0.58544195,0.61663777,0.7493934,0.5549394,0.66481805,0.09462739
216,0.57642984,0.5123051,0.75701904,0.71369153,0.8467938,0.58544195,0.61663777,0.7493934,0.5549394,0.66481805,0.09462739,0.38613516
217,0.5123051,0.75701904,0.71369153,0.8467938,0.58544195,0.61663777,0.7493934,0.5549394,0.66481805,0.09462739,0.38613516,0.620104
218,0.75701904,0.71369153,0.8467938,0.58544195,0.61663777,0.7493934,0.5549394,0.66481805,0.09462739,0.38613516,0.620104,0.72270364
219,0.71369153,0.8467938,0.58544195,0.61663777,0.7493934,0.5549394,0.66481805,0.09462739,0.38613516,0.620104,0.72270364,0.7972271
220,0.8467938,0.58544195,0.61663777,0.7493934,0.5549394,0.66481805,0.09462739,0.38613516,0.620104,0.72270364,0.7972271,0.8103986
